[
  { "city": "Alpine" },
  { "city": "Altamont" },
  { "city": "Alton" },
  { "city": "Altonah" },
  { "city": "American Fork" },
  { "city": "Aneth" },
  { "city": "Annabella" },
  { "city": "Antimony" },
  { "city": "Aurora" },
  { "city": "Axtell" },
  { "city": "Bear River City" },
  { "city": "Beaver" },
  { "city": "Beryl" },
  { "city": "Bicknell" },
  { "city": "Bingham Canyon" },
  { "city": "Blanding" },
  { "city": "Bluebell" },
  { "city": "Bluff" },
  { "city": "Bonanza" },
  { "city": "Boulder" },
  { "city": "Bountiful" },
  { "city": "Brian Head" },
  { "city": "Brigham City" },
  { "city": "Bryce" },
  { "city": "Bryce Canyon" },
  { "city": "Cache Junction" },
  { "city": "Cannonville" },
  { "city": "Castle Dale" },
  { "city": "Cedar City" },
  { "city": "Cedar Valley" },
  { "city": "Centerfield" },
  { "city": "Centerville" },
  { "city": "Central" },
  { "city": "Chester" },
  { "city": "Circleville" },
  { "city": "Cisco" },
  { "city": "Clarkston" },
  { "city": "Clawson" },
  { "city": "Clearfield" },
  { "city": "Cleveland" },
  { "city": "Clinton" },
  { "city": "Coalville" },
  { "city": "Collinston" },
  { "city": "Corinne" },
  { "city": "Cornish" },
  { "city": "Croydon" },
  { "city": "Dammeron Valley" },
  { "city": "Delta" },
  { "city": "Deweyville" },
  { "city": "Draper" },
  { "city": "Duchesne" },
  { "city": "Duck Creek Village" },
  { "city": "Dugway" },
  { "city": "Dutch John" },
  { "city": "East Carbon" },
  { "city": "Echo" },
  { "city": "Eden" },
  { "city": "Elberta" },
  { "city": "Elmo" },
  { "city": "Elsinore" },
  { "city": "Emery" },
  { "city": "Enterprise" },
  { "city": "Ephraim" },
  { "city": "Escalante" },
  { "city": "Eureka" },
  { "city": "Fairview" },
  { "city": "Farmington" },
  { "city": "Fayette" },
  { "city": "Ferron" },
  { "city": "Fielding" },
  { "city": "Fillmore" },
  { "city": "Fort Duchesne" },
  { "city": "Fountain Green" },
  { "city": "Fruitland" },
  { "city": "Garden City" },
  { "city": "Garland" },
  { "city": "Garrison" },
  { "city": "Glendale" },
  { "city": "Glenwood" },
  { "city": "Goshen" },
  { "city": "Grantsville" },
  { "city": "Green River" },
  { "city": "Greenville" },
  { "city": "Greenwich" },
  { "city": "Grouse Creek" },
  { "city": "Gunlock" },
  { "city": "Gunnison" },
  { "city": "Gusher" },
  { "city": "Hanksville" },
  { "city": "Hanna" },
  { "city": "Hatch" },
  { "city": "Heber City" },
  { "city": "Helper" },
  { "city": "Henefer" },
  { "city": "Henrieville" },
  { "city": "Hiawatha" },
  { "city": "Hildale" },
  { "city": "Hill AFB" },
  { "city": "Hinckley" },
  { "city": "Holden" },
  { "city": "Honeyville" },
  { "city": "Hooper" },
  { "city": "Howell" },
  { "city": "Huntington" },
  { "city": "Huntsville" },
  { "city": "Hurricane" },
  { "city": "Hyde Park" },
  { "city": "Hyrum" },
  { "city": "Ibapah" },
  { "city": "Ivins" },
  { "city": "Jensen" },
  { "city": "Joseph" },
  { "city": "Junction" },
  { "city": "Kamas" },
  { "city": "Kanab" },
  { "city": "Kanarraville" },
  { "city": "Kanosh" },
  { "city": "Kaysville" },
  { "city": "Kenilworth" },
  { "city": "Kingston" },
  { "city": "Koosharem" },
  { "city": "La Sal" },
  { "city": "La Verkin" },
  { "city": "Lake Powell" },
  { "city": "Laketown" },
  { "city": "Lapoint" },
  { "city": "Layton" },
  { "city": "Leamington" },
  { "city": "Leeds" },
  { "city": "Lehi" },
  { "city": "Levan" },
  { "city": "Lewiston" },
  { "city": "Lindon" },
  { "city": "Loa" },
  { "city": "Logan" },
  { "city": "Lyman" },
  { "city": "Lynndyl" },
  { "city": "Magna" },
  { "city": "Manila" },
  { "city": "Manti" },
  { "city": "Mantua" },
  { "city": "Mapleton" },
  { "city": "Marysvale" },
  { "city": "Mayfield" },
  { "city": "Meadow" },
  { "city": "Mendon" },
  { "city": "Mexican Hat" },
  { "city": "Midvale" },
  { "city": "Midway" },
  { "city": "Milford" },
  { "city": "Millville" },
  { "city": "Minersville" },
  { "city": "Moab" },
  { "city": "Modena" },
  { "city": "Mona" },
  { "city": "Monroe" },
  { "city": "Montezuma Creek" },
  { "city": "Monticello" },
  { "city": "Morgan" },
  { "city": "Moroni" },
  { "city": "Mount Carmel" },
  { "city": "Mount Pleasant" },
  { "city": "Mountain Home" },
  { "city": "Myton" },
  { "city": "Neola" },
  { "city": "Nephi" },
  { "city": "New Harmony" },
  { "city": "Newcastle" },
  { "city": "Newton" },
  { "city": "North Salt Lake" },
  { "city": "Oak City" },
  { "city": "Oakley" },
  { "city": "Oasis" },
  { "city": "Ogden" },
  { "city": "Orangeville" },
  { "city": "Orderville" },
  { "city": "Orem" },
  { "city": "Panguitch" },
  { "city": "Paradise" },
  { "city": "Paragonah" },
  { "city": "Park City" },
  { "city": "Park Valley" },
  { "city": "Parowan" },
  { "city": "Payson" },
  { "city": "Peoa" },
  { "city": "Pine Valley" },
  { "city": "Pleasant Grove" },
  { "city": "Plymouth" },
  { "city": "Portage" },
  { "city": "Price" },
  { "city": "Providence" },
  { "city": "Provo" },
  { "city": "Randlett" },
  { "city": "Randolph" },
  { "city": "Redmond" },
  { "city": "Richfield" },
  { "city": "Richmond" },
  { "city": "Riverside" },
  { "city": "Riverton" },
  { "city": "Rockville" },
  { "city": "Roosevelt" },
  { "city": "Roy" },
  { "city": "Rush Valley" },
  { "city": "Saint George" },
  { "city": "Salem" },
  { "city": "Salina" },
  { "city": "Salt Lake City" },
  { "city": "Sandy" },
  { "city": "Santa Clara" },
  { "city": "Santaquin" },
  { "city": "Scipio" },
  { "city": "Sevier" },
  { "city": "Sigurd" },
  { "city": "Smithfield" },
  { "city": "Snowville" },
  { "city": "South Jordan" },
  { "city": "South Willard" },
  { "city": "Spanish Fork" },
  { "city": "Spring City" },
  { "city": "Springdale" },
  { "city": "Springville" },
  { "city": "Sterling" },
  { "city": "Stockton" },
  { "city": "Summit" },
  { "city": "Sunnyside" },
  { "city": "Syracuse" },
  { "city": "Tabiona" },
  { "city": "Talmage" },
  { "city": "Teasdale" },
  { "city": "Thompson" },
  { "city": "Tooele" },
  { "city": "Toquerville" },
  { "city": "Torrey" },
  { "city": "Tremonton" },
  { "city": "Trenton" },
  { "city": "Tridell" },
  { "city": "Tropic" },
  { "city": "Vernal" },
  { "city": "Vernon" },
  { "city": "Veyo" },
  { "city": "Virgin" },
  { "city": "Wales" },
  { "city": "Wallsburg" },
  { "city": "Washington" },
  { "city": "Wellington" },
  { "city": "Wellsville" },
  { "city": "Wendover" },
  { "city": "West Jordan" },
  { "city": "Whiterocks" },
  { "city": "Willard" },
  { "city": "Woodruff" },
  { "city": "Woods Cross" }
]
